open,close,high,low,value,volume,begin,end,datetime
313.0,313.0,313.0,313.0,1187835.0,3795,2025-09-09 06:59:00,2025-09-09 06:59:59,2025-09-09 06:59:00
313.0,312.86,313.12,312.84,3535141.5300000017,11294,2025-09-09 07:00:00,2025-09-09 07:00:59,2025-09-09 07:00:00
312.99,312.84,312.99,312.77,3260126.5099999984,10421,2025-09-09 07:01:00,2025-09-09 07:01:59,2025-09-09 07:01:00
312.84,313.04,313.04,312.84,2538269.9899999998,8112,2025-09-09 07:02:00,2025-09-09 07:02:59,2025-09-09 07:02:00
313.05,313.12,313.13,313.01,7886804.300000001,25189,2025-09-09 07:03:00,2025-09-09 07:03:59,2025-09-09 07:03:00
313.13,313.22,313.26,313.13,2690640.97,8591,2025-09-09 07:04:00,2025-09-09 07:04:59,2025-09-09 07:04:00
313.22,313.36,313.37,313.17,15523679.390000004,49552,2025-09-09 07:05:00,2025-09-09 07:05:59,2025-09-09 07:05:00
313.26,313.36,313.38,313.26,214001.52999999994,683,2025-09-09 07:06:00,2025-09-09 07:06:59,2025-09-09 07:06:00
313.36,313.31,313.5,313.29,42979606.89000002,137105,2025-09-09 07:07:00,2025-09-09 07:07:59,2025-09-09 07:07:00
313.33,313.38,313.44,313.33,3672467.3399999994,11720,2025-09-09 07:08:00,2025-09-09 07:08:59,2025-09-09 07:08:00
313.35,313.35,313.44,313.34,2501856.1800000006,7984,2025-09-09 07:09:00,2025-09-09 07:09:59,2025-09-09 07:09:00
313.35,313.31,313.38,313.31,1841865.5500000003,5878,2025-09-09 07:10:00,2025-09-09 07:10:59,2025-09-09 07:10:00
313.32,313.26,313.32,313.26,2271764.27,7251,2025-09-09 07:11:00,2025-09-09 07:11:59,2025-09-09 07:11:00
313.27,313.26,313.27,313.26,141595.99,452,2025-09-09 07:12:00,2025-09-09 07:12:59,2025-09-09 07:12:00
313.27,313.25,313.27,313.25,1047236.4200000003,3343,2025-09-09 07:13:00,2025-09-09 07:13:59,2025-09-09 07:13:00
313.25,313.1,313.25,313.1,1905029.35,6083,2025-09-09 07:14:00,2025-09-09 07:14:59,2025-09-09 07:14:00
313.18,313.1,313.18,313.09,638119.0200000001,2038,2025-09-09 07:15:00,2025-09-09 07:15:59,2025-09-09 07:15:00
313.09,313.1,313.1,313.09,539157.7,1722,2025-09-09 07:16:00,2025-09-09 07:16:59,2025-09-09 07:16:00
313.1,313.09,313.1,313.09,420169.7799999999,1342,2025-09-09 07:17:00,2025-09-09 07:17:59,2025-09-09 07:17:00
313.1,313.1,313.1,313.09,228248.85,729,2025-09-09 07:18:00,2025-09-09 07:18:59,2025-09-09 07:18:00
313.1,313.1,313.1,313.03,4728969.119999999,15105,2025-09-09 07:19:00,2025-09-09 07:19:59,2025-09-09 07:19:00
313.1,313.18,313.18,313.08,1982562.0600000003,6332,2025-09-09 07:20:00,2025-09-09 07:20:59,2025-09-09 07:20:00
313.16,313.25,313.26,313.16,1111622.42,3549,2025-09-09 07:21:00,2025-09-09 07:21:59,2025-09-09 07:21:00
313.24,313.24,313.26,313.24,1213225.35,3873,2025-09-09 07:22:00,2025-09-09 07:22:59,2025-09-09 07:22:00
313.25,313.32,313.32,313.25,4934546.120000003,15751,2025-09-09 07:23:00,2025-09-09 07:23:59,2025-09-09 07:23:00
313.32,313.32,313.32,313.31,519171.23,1657,2025-09-09 07:24:00,2025-09-09 07:24:59,2025-09-09 07:24:00
313.31,313.38,313.4,313.3,1642827.0200000003,5243,2025-09-09 07:25:00,2025-09-09 07:25:59,2025-09-09 07:25:00
313.38,313.45,313.45,313.38,2202495.58,7027,2025-09-09 07:26:00,2025-09-09 07:26:59,2025-09-09 07:26:00
313.44,313.45,313.45,313.43,4042446.2900000005,12897,2025-09-09 07:27:00,2025-09-09 07:27:59,2025-09-09 07:27:00
313.45,313.41,313.45,313.4,1676457.5300000003,5349,2025-09-09 07:28:00,2025-09-09 07:28:59,2025-09-09 07:28:00
313.4,313.32,313.4,313.31,670179.4799999999,2139,2025-09-09 07:29:00,2025-09-09 07:29:59,2025-09-09 07:29:00
313.32,313.34,313.34,313.31,1396146.7800000005,4456,2025-09-09 07:30:00,2025-09-09 07:30:59,2025-09-09 07:30:00
313.33,313.2,313.33,313.2,725893.2300000002,2317,2025-09-09 07:31:00,2025-09-09 07:31:59,2025-09-09 07:31:00
313.2,313.21,313.23,313.12,78611.79000000001,251,2025-09-09 07:32:00,2025-09-09 07:32:59,2025-09-09 07:32:00
313.2,313.19,313.21,313.13,70152.88,224,2025-09-09 07:33:00,2025-09-09 07:33:59,2025-09-09 07:33:00
313.15,313.16,313.19,313.15,95200.95000000001,304,2025-09-09 07:34:00,2025-09-09 07:34:59,2025-09-09 07:34:00
313.19,313.19,313.19,313.15,42280.47,135,2025-09-09 07:35:00,2025-09-09 07:35:59,2025-09-09 07:35:00
313.19,313.16,313.19,313.16,55432.960000000014,177,2025-09-09 07:36:00,2025-09-09 07:36:59,2025-09-09 07:36:00
313.18,313.11,313.19,313.08,5125417.05,16369,2025-09-09 07:37:00,2025-09-09 07:37:59,2025-09-09 07:37:00
313.14,313.16,313.16,313.11,40393.64,129,2025-09-09 07:38:00,2025-09-09 07:38:59,2025-09-09 07:38:00
313.16,313.24,313.25,313.1,3463966.6900000013,11061,2025-09-09 07:39:00,2025-09-09 07:39:59,2025-09-09 07:39:00
313.2,313.2,313.26,313.15,243351.92999999996,777,2025-09-09 07:40:00,2025-09-09 07:40:59,2025-09-09 07:40:00
313.2,313.23,313.23,313.15,158144.31000000014,505,2025-09-09 07:41:00,2025-09-09 07:41:59,2025-09-09 07:41:00
313.23,313.22,313.23,313.17,2448674.5,7818,2025-09-09 07:42:00,2025-09-09 07:42:59,2025-09-09 07:42:00
313.2,313.19,313.2,313.17,165051.29,527,2025-09-09 07:43:00,2025-09-09 07:43:59,2025-09-09 07:43:00
313.19,313.18,313.19,313.1,906249.5000000002,2894,2025-09-09 07:44:00,2025-09-09 07:44:59,2025-09-09 07:44:00
313.15,313.19,313.2,313.11,1187797.539999999,3793,2025-09-09 07:45:00,2025-09-09 07:45:59,2025-09-09 07:45:00
313.2,313.23,313.24,313.19,78298.35999999999,250,2025-09-09 07:46:00,2025-09-09 07:46:59,2025-09-09 07:46:00
313.23,313.24,313.24,313.2,95850.96,306,2025-09-09 07:47:00,2025-09-09 07:47:59,2025-09-09 07:47:00
313.22,313.21,313.22,313.2,61075.75,195,2025-09-09 07:48:00,2025-09-09 07:48:59,2025-09-09 07:48:00
313.21,313.19,313.21,313.18,123087.58999999998,393,2025-09-09 07:49:00,2025-09-09 07:49:59,2025-09-09 07:49:00
313.18,313.21,313.23,313.18,948967.1499999999,3030,2025-09-09 07:50:00,2025-09-09 07:50:59,2025-09-09 07:50:00
313.21,313.2,313.22,313.19,310699.01000000007,992,2025-09-09 07:51:00,2025-09-09 07:51:59,2025-09-09 07:51:00
313.21,313.23,313.24,313.2,565360.4399999997,1805,2025-09-09 07:52:00,2025-09-09 07:52:59,2025-09-09 07:52:00
313.21,313.23,313.23,313.19,2985047.21,9531,2025-09-09 07:53:00,2025-09-09 07:53:59,2025-09-09 07:53:00
313.19,313.19,313.21,313.19,488263.9300000001,1559,2025-09-09 07:54:00,2025-09-09 07:54:59,2025-09-09 07:54:00
313.2,313.2,313.23,313.19,1099366.9499999997,3510,2025-09-09 07:55:00,2025-09-09 07:55:59,2025-09-09 07:55:00
313.21,313.21,313.23,313.2,62954.17,201,2025-09-09 07:56:00,2025-09-09 07:56:59,2025-09-09 07:56:00
313.2,313.2,313.21,313.2,390881.57,1248,2025-09-09 07:57:00,2025-09-09 07:57:59,2025-09-09 07:57:00
313.21,313.2,313.21,313.19,2716455.26,8673,2025-09-09 07:58:00,2025-09-09 07:58:59,2025-09-09 07:58:00
313.2,313.19,313.21,313.19,12840.84,41,2025-09-09 07:59:00,2025-09-09 07:59:59,2025-09-09 07:59:00
313.2,313.2,313.21,313.19,46352.75,148,2025-09-09 08:00:00,2025-09-09 08:00:59,2025-09-09 08:00:00
313.2,313.21,313.21,313.19,460404.0,1470,2025-09-09 08:01:00,2025-09-09 08:01:59,2025-09-09 08:01:00
313.21,313.15,313.21,313.1,3160590.349999999,10092,2025-09-09 08:02:00,2025-09-09 08:02:59,2025-09-09 08:02:00
313.18,313.16,313.22,313.08,3495827.06,11164,2025-09-09 08:03:00,2025-09-09 08:03:59,2025-09-09 08:03:00
313.15,313.17,313.19,313.1,35384.76999999999,113,2025-09-09 08:04:00,2025-09-09 08:04:59,2025-09-09 08:04:00
313.17,313.13,313.17,313.07,2556301.99,8165,2025-09-09 08:05:00,2025-09-09 08:05:59,2025-09-09 08:05:00
313.07,313.12,313.13,313.05,1691477.2300000002,5403,2025-09-09 08:06:00,2025-09-09 08:06:59,2025-09-09 08:06:00
313.05,313.11,313.11,313.05,59795.84999999999,191,2025-09-09 08:07:00,2025-09-09 08:07:59,2025-09-09 08:07:00
313.08,313.11,313.11,313.08,28492.630000000005,91,2025-09-09 08:08:00,2025-09-09 08:08:59,2025-09-09 08:08:00
313.11,313.1,313.13,313.08,190991.84,610,2025-09-09 08:09:00,2025-09-09 08:09:59,2025-09-09 08:09:00
313.1,313.1,313.13,313.1,117100.12000000001,374,2025-09-09 08:10:00,2025-09-09 08:10:59,2025-09-09 08:10:00
313.11,313.13,313.13,313.1,128380.41000000002,410,2025-09-09 08:11:00,2025-09-09 08:11:59,2025-09-09 08:11:00
313.11,313.13,313.13,313.11,313739.6,1002,2025-09-09 08:12:00,2025-09-09 08:12:59,2025-09-09 08:12:00
313.13,313.13,313.13,313.11,529187.9500000001,1690,2025-09-09 08:13:00,2025-09-09 08:13:59,2025-09-09 08:13:00
313.13,313.13,313.13,313.12,49160.87,157,2025-09-09 08:14:00,2025-09-09 08:14:59,2025-09-09 08:14:00
313.13,313.11,313.13,313.1,56047.36,179,2025-09-09 08:15:00,2025-09-09 08:15:59,2025-09-09 08:15:00
313.11,313.11,313.11,313.08,1324426.36,4230,2025-09-09 08:16:00,2025-09-09 08:16:59,2025-09-09 08:16:00
313.11,313.16,313.16,313.03,4823589.920000001,15406,2025-09-09 08:17:00,2025-09-09 08:17:59,2025-09-09 08:17:00
313.15,313.15,313.15,313.13,68265.7,218,2025-09-09 08:18:00,2025-09-09 08:18:59,2025-09-09 08:18:00
313.1,313.13,313.15,313.08,158121.68,505,2025-09-09 08:19:00,2025-09-09 08:19:59,2025-09-09 08:19:00
313.13,313.17,313.22,313.13,583464.5,1863,2025-09-09 08:20:00,2025-09-09 08:20:59,2025-09-09 08:20:00
313.22,313.22,313.23,313.14,1613922.46,5153,2025-09-09 08:21:00,2025-09-09 08:21:59,2025-09-09 08:21:00
313.22,313.23,313.23,313.15,375227.41000000003,1198,2025-09-09 08:22:00,2025-09-09 08:22:59,2025-09-09 08:22:00
313.23,313.18,313.23,313.15,234293.21,748,2025-09-09 08:23:00,2025-09-09 08:23:59,2025-09-09 08:23:00
313.18,313.23,313.23,313.16,162865.51000000004,520,2025-09-09 08:24:00,2025-09-09 08:24:59,2025-09-09 08:24:00
313.23,313.21,313.23,313.21,228343.68,729,2025-09-09 08:25:00,2025-09-09 08:25:59,2025-09-09 08:25:00
313.23,313.23,313.23,313.21,169456.41000000003,541,2025-09-09 08:26:00,2025-09-09 08:26:59,2025-09-09 08:26:00
313.23,313.22,313.23,313.22,823781.8399999997,2630,2025-09-09 08:27:00,2025-09-09 08:27:59,2025-09-09 08:27:00
313.23,313.22,313.23,313.22,569762.6799999998,1819,2025-09-09 08:28:00,2025-09-09 08:28:59,2025-09-09 08:28:00
313.23,313.05,313.23,313.03,6690673.770000002,21368,2025-09-09 08:29:00,2025-09-09 08:29:59,2025-09-09 08:29:00
313.15,313.14,313.15,313.05,1201270.0,3837,2025-09-09 08:30:00,2025-09-09 08:30:59,2025-09-09 08:30:00
313.05,313.14,313.14,313.05,636745.32,2034,2025-09-09 08:31:00,2025-09-09 08:31:59,2025-09-09 08:31:00
313.14,313.04,313.14,313.04,551624.38,1762,2025-09-09 08:32:00,2025-09-09 08:32:59,2025-09-09 08:32:00
313.04,313.02,313.04,312.99,3721014.3400000012,11888,2025-09-09 08:33:00,2025-09-09 08:33:59,2025-09-09 08:33:00
313.03,313.0,313.05,313.0,136473.43,436,2025-09-09 08:34:00,2025-09-09 08:34:59,2025-09-09 08:34:00
313.01,313.01,313.01,313.0,436012.57,1393,2025-09-09 08:35:00,2025-09-09 08:35:59,2025-09-09 08:35:00
313.01,313.05,313.05,313.0,217541.23999999996,695,2025-09-09 08:36:00,2025-09-09 08:36:59,2025-09-09 08:36:00
313.05,313.07,313.18,313.05,1979298.3499999999,6321,2025-09-09 08:37:00,2025-09-09 08:37:59,2025-09-09 08:37:00
313.1,313.1,313.18,313.08,952137.36,3041,2025-09-09 08:38:00,2025-09-09 08:38:59,2025-09-09 08:38:00
313.1,313.17,313.17,313.08,295576.92000000004,944,2025-09-09 08:39:00,2025-09-09 08:39:59,2025-09-09 08:39:00
313.15,313.14,313.17,313.14,74533.04999999999,238,2025-09-09 08:40:00,2025-09-09 08:40:59,2025-09-09 08:40:00
313.13,313.04,313.13,313.01,2260658.0,7221,2025-09-09 08:41:00,2025-09-09 08:41:59,2025-09-09 08:41:00
313.12,313.13,313.15,313.01,1057209.5899999999,3377,2025-09-09 08:42:00,2025-09-09 08:42:59,2025-09-09 08:42:00
313.13,313.21,313.22,313.06,4357972.419999999,13915,2025-09-09 08:43:00,2025-09-09 08:43:59,2025-09-09 08:43:00
313.21,313.21,313.21,313.16,99589.63,318,2025-09-09 08:44:00,2025-09-09 08:44:59,2025-09-09 08:44:00
313.21,313.16,313.22,313.05,4777363.62,15258,2025-09-09 08:45:00,2025-09-09 08:45:59,2025-09-09 08:45:00
313.16,313.21,313.22,313.07,1237516.26,3952,2025-09-09 08:46:00,2025-09-09 08:46:59,2025-09-09 08:46:00
313.21,313.14,313.21,313.14,337952.2200000001,1079,2025-09-09 08:47:00,2025-09-09 08:47:59,2025-09-09 08:47:00
313.16,313.21,313.21,313.16,43847.73,140,2025-09-09 08:48:00,2025-09-09 08:48:59,2025-09-09 08:48:00
313.21,313.2,313.21,313.12,905744.4100000001,2892,2025-09-09 08:49:00,2025-09-09 08:49:59,2025-09-09 08:49:00
313.19,313.16,313.19,313.13,655505.2599999998,2093,2025-09-09 08:50:00,2025-09-09 08:50:59,2025-09-09 08:50:00
313.16,313.02,313.16,313.01,1793470.0099999998,5728,2025-09-09 08:51:00,2025-09-09 08:51:59,2025-09-09 08:51:00
313.09,313.1,313.1,313.03,502825.47000000003,1606,2025-09-09 08:52:00,2025-09-09 08:52:59,2025-09-09 08:52:00
313.1,313.08,313.1,313.08,231062.5599999999,738,2025-09-09 08:53:00,2025-09-09 08:53:59,2025-09-09 08:53:00
313.09,313.09,313.1,313.02,4146363.0100000002,13245,2025-09-09 08:54:00,2025-09-09 08:54:59,2025-09-09 08:54:00
313.1,313.1,313.1,313.03,1904585.95,6083,2025-09-09 08:55:00,2025-09-09 08:55:59,2025-09-09 08:55:00
313.1,313.1,313.1,313.03,56044.69999999999,179,2025-09-09 08:56:00,2025-09-09 08:56:59,2025-09-09 08:56:00
313.1,313.09,313.1,313.03,992807.2099999997,3171,2025-09-09 08:57:00,2025-09-09 08:57:59,2025-09-09 08:57:00
313.1,313.1,313.1,313.09,1798131.710000001,5743,2025-09-09 08:58:00,2025-09-09 08:58:59,2025-09-09 08:58:00
313.1,313.1,313.1,313.09,1750803.2400000002,5592,2025-09-09 08:59:00,2025-09-09 08:59:59,2025-09-09 08:59:00
313.1,313.12,313.13,313.09,1466257.48,4683,2025-09-09 09:00:00,2025-09-09 09:00:59,2025-09-09 09:00:00
313.12,313.13,313.13,313.12,211358.52,675,2025-09-09 09:01:00,2025-09-09 09:01:59,2025-09-09 09:01:00
313.12,313.15,313.15,313.12,581484.9400000001,1857,2025-09-09 09:02:00,2025-09-09 09:02:59,2025-09-09 09:02:00
313.15,313.13,313.15,313.09,2379086.8,7598,2025-09-09 09:03:00,2025-09-09 09:03:59,2025-09-09 09:03:00
313.13,313.14,313.15,313.12,1196147.5000000002,3820,2025-09-09 09:04:00,2025-09-09 09:04:59,2025-09-09 09:04:00
313.15,313.15,313.15,313.14,510745.82999999996,1631,2025-09-09 09:05:00,2025-09-09 09:05:59,2025-09-09 09:05:00
313.16,313.18,313.18,313.16,1349802.0199999998,4310,2025-09-09 09:06:00,2025-09-09 09:06:59,2025-09-09 09:06:00
313.19,313.3,313.31,313.19,5073247.879999996,16195,2025-09-09 09:07:00,2025-09-09 09:07:59,2025-09-09 09:07:00
313.3,313.27,313.31,313.25,253133.16,808,2025-09-09 09:08:00,2025-09-09 09:08:59,2025-09-09 09:08:00
313.27,313.24,313.27,313.23,1184687.4999999998,3782,2025-09-09 09:09:00,2025-09-09 09:09:59,2025-09-09 09:09:00
313.27,313.33,313.33,313.25,1123511.05,3586,2025-09-09 09:10:00,2025-09-09 09:10:59,2025-09-09 09:10:00
313.33,313.35,313.35,313.32,219649.88000000003,701,2025-09-09 09:11:00,2025-09-09 09:11:59,2025-09-09 09:11:00
313.35,313.39,313.4,313.31,7358444.630000001,23481,2025-09-09 09:12:00,2025-09-09 09:12:59,2025-09-09 09:12:00
313.38,313.36,313.4,313.33,597887.72,1908,2025-09-09 09:13:00,2025-09-09 09:13:59,2025-09-09 09:13:00
313.37,313.32,313.4,313.32,3758931.4899999998,11996,2025-09-09 09:14:00,2025-09-09 09:14:59,2025-09-09 09:14:00
313.34,313.35,313.44,313.34,3677064.8900000006,11733,2025-09-09 09:15:00,2025-09-09 09:15:59,2025-09-09 09:15:00
313.34,313.36,313.36,313.34,261022.81999999998,833,2025-09-09 09:16:00,2025-09-09 09:16:59,2025-09-09 09:16:00
313.36,313.35,313.36,313.34,281078.3999999999,897,2025-09-09 09:17:00,2025-09-09 09:17:59,2025-09-09 09:17:00
313.35,313.33,313.35,313.32,176718.10999999996,564,2025-09-09 09:18:00,2025-09-09 09:18:59,2025-09-09 09:18:00
313.33,313.32,313.33,313.3,900442.97,2874,2025-09-09 09:19:00,2025-09-09 09:19:59,2025-09-09 09:19:00
313.32,313.33,313.33,313.3,1776434.2699999996,5670,2025-09-09 09:20:00,2025-09-09 09:20:59,2025-09-09 09:20:00
313.31,313.31,313.4,313.23,8404821.709999999,26824,2025-09-09 09:21:00,2025-09-09 09:21:59,2025-09-09 09:21:00
313.32,313.33,313.35,313.3,981042.85,3131,2025-09-09 09:22:00,2025-09-09 09:22:59,2025-09-09 09:22:00
313.33,313.3,313.35,313.3,684920.9900000003,2186,2025-09-09 09:23:00,2025-09-09 09:23:59,2025-09-09 09:23:00
313.3,313.29,313.33,313.29,778865.2900000003,2486,2025-09-09 09:24:00,2025-09-09 09:24:59,2025-09-09 09:24:00
313.3,313.3,313.33,313.28,1066785.8700000069,3405,2025-09-09 09:25:00,2025-09-09 09:25:59,2025-09-09 09:25:00
313.33,313.3,313.38,313.3,1489695.6100000069,4754,2025-09-09 09:26:00,2025-09-09 09:26:59,2025-09-09 09:26:00
313.31,313.33,313.33,313.3,114986.06999999998,367,2025-09-09 09:27:00,2025-09-09 09:27:59,2025-09-09 09:27:00
313.34,313.33,313.34,313.33,104967.72000000003,335,2025-09-09 09:28:00,2025-09-09 09:28:59,2025-09-09 09:28:00
313.33,313.26,313.34,313.26,1475375.3600000013,4709,2025-09-09 09:29:00,2025-09-09 09:29:59,2025-09-09 09:29:00
313.27,313.23,313.27,313.22,684123.1499999998,2184,2025-09-09 09:30:00,2025-09-09 09:30:59,2025-09-09 09:30:00
313.23,313.25,313.26,313.21,1423296.08,4544,2025-09-09 09:31:00,2025-09-09 09:31:59,2025-09-09 09:31:00
313.24,313.24,313.28,313.23,609911.38,1947,2025-09-09 09:32:00,2025-09-09 09:32:59,2025-09-09 09:32:00
313.24,313.25,313.28,313.21,771228.4299999999,2462,2025-09-09 09:33:00,2025-09-09 09:33:59,2025-09-09 09:33:00
313.25,313.21,313.25,313.21,155047.27000000002,495,2025-09-09 09:34:00,2025-09-09 09:34:59,2025-09-09 09:34:00
313.21,313.22,313.24,313.21,216116.18000000005,690,2025-09-09 09:35:00,2025-09-09 09:35:59,2025-09-09 09:35:00
313.22,313.24,313.24,313.21,210483.08999999997,672,2025-09-09 09:36:00,2025-09-09 09:36:59,2025-09-09 09:36:00
313.23,313.25,313.25,313.23,729242.2,2328,2025-09-09 09:37:00,2025-09-09 09:37:59,2025-09-09 09:37:00
313.28,313.2,313.31,313.17,14436939.349999998,46091,2025-09-09 09:38:00,2025-09-09 09:38:59,2025-09-09 09:38:00
313.21,313.19,313.21,313.15,1904402.7399999995,6081,2025-09-09 09:39:00,2025-09-09 09:39:59,2025-09-09 09:39:00
313.21,313.2,313.21,313.2,1364927.64,4358,2025-09-09 09:40:00,2025-09-09 09:40:59,2025-09-09 09:40:00
313.2,313.16,313.21,313.15,436281.1,1393,2025-09-09 09:41:00,2025-09-09 09:41:59,2025-09-09 09:41:00
313.16,313.11,313.16,313.06,7941578.100000002,25365,2025-09-09 09:42:00,2025-09-09 09:42:59,2025-09-09 09:42:00
313.11,313.09,313.11,313.09,244847.01000000004,782,2025-09-09 09:43:00,2025-09-09 09:43:59,2025-09-09 09:43:00
313.08,313.11,313.11,313.08,1091768.42,3487,2025-09-09 09:44:00,2025-09-09 09:44:59,2025-09-09 09:44:00
313.1,313.11,313.12,313.1,2278797.8500000006,7278,2025-09-09 09:45:00,2025-09-09 09:45:59,2025-09-09 09:45:00
313.12,313.1,313.12,313.1,263637.13,842,2025-09-09 09:46:00,2025-09-09 09:46:59,2025-09-09 09:46:00
313.12,313.12,313.12,313.1,323436.60999999987,1033,2025-09-09 09:47:00,2025-09-09 09:47:59,2025-09-09 09:47:00
313.1,313.12,313.12,313.1,349111.2799999999,1115,2025-09-09 09:48:00,2025-09-09 09:48:59,2025-09-09 09:48:00
313.12,313.1,313.12,313.0,35325689.42,112850,2025-09-09 09:49:00,2025-09-09 09:49:59,2025-09-09 09:49:00
313.1,313.1,313.11,313.07,2670726.9999999995,8530,2025-09-09 09:50:00,2025-09-09 09:50:59,2025-09-09 09:50:00
313.09,313.15,313.15,313.09,3488287.4599999995,11140,2025-09-09 09:51:00,2025-09-09 09:51:59,2025-09-09 09:51:00
313.15,313.3,313.3,313.14,6325139.549999997,20195,2025-09-09 09:52:00,2025-09-09 09:52:59,2025-09-09 09:52:00
313.31,313.38,313.38,313.29,6940914.239999998,22153,2025-09-09 09:53:00,2025-09-09 09:53:59,2025-09-09 09:53:00
313.38,313.36,313.41,313.35,3750474.7700000014,11968,2025-09-09 09:54:00,2025-09-09 09:54:59,2025-09-09 09:54:00
313.36,313.36,313.37,313.35,7384248.820000002,23565,2025-09-09 09:55:00,2025-09-09 09:55:59,2025-09-09 09:55:00
313.37,313.37,313.37,313.36,2705629.030000001,8634,2025-09-09 09:56:00,2025-09-09 09:56:59,2025-09-09 09:56:00
313.37,313.39,313.41,313.36,4227427.339999998,13489,2025-09-09 09:57:00,2025-09-09 09:57:59,2025-09-09 09:57:00
313.37,313.39,313.4,313.37,773451.8300000002,2468,2025-09-09 09:58:00,2025-09-09 09:58:59,2025-09-09 09:58:00
313.4,313.49,313.49,313.39,13153316.590000013,41965,2025-09-09 09:59:00,2025-09-09 09:59:59,2025-09-09 09:59:00
313.49,313.85,313.85,313.48,84292279.74000005,268842,2025-09-09 10:00:00,2025-09-09 10:00:59,2025-09-09 10:00:00
313.83,313.7,313.83,313.69,24107014.920000024,76826,2025-09-09 10:01:00,2025-09-09 10:01:59,2025-09-09 10:01:00
313.7,313.72,313.73,313.68,11844700.309999999,37758,2025-09-09 10:02:00,2025-09-09 10:02:59,2025-09-09 10:02:00
313.7,313.72,313.73,313.69,4252745.430000001,13556,2025-09-09 10:03:00,2025-09-09 10:03:59,2025-09-09 10:03:00
313.72,313.78,313.92,313.69,58568531.67999998,186611,2025-09-09 10:04:00,2025-09-09 10:04:59,2025-09-09 10:04:00
313.79,313.9,313.96,313.77,24364012.820000004,77623,2025-09-09 10:05:00,2025-09-09 10:05:59,2025-09-09 10:05:00
313.91,313.8,313.93,313.79,13093184.289999994,41716,2025-09-09 10:06:00,2025-09-09 10:06:59,2025-09-09 10:06:00
313.79,313.9,313.9,313.79,6258143.4799999995,19940,2025-09-09 10:07:00,2025-09-09 10:07:59,2025-09-09 10:07:00
313.9,313.78,313.9,313.78,7372035.629999996,23488,2025-09-09 10:08:00,2025-09-09 10:08:59,2025-09-09 10:08:00
313.79,313.83,313.9,313.78,9450427.669999996,30112,2025-09-09 10:09:00,2025-09-09 10:09:59,2025-09-09 10:09:00
313.82,313.87,313.95,313.79,28266139.830000017,90051,2025-09-09 10:10:00,2025-09-09 10:10:59,2025-09-09 10:10:00
313.86,313.88,313.9,313.85,4145355.2699999996,13207,2025-09-09 10:11:00,2025-09-09 10:11:59,2025-09-09 10:11:00
313.88,313.92,313.95,313.88,12111249.729999995,38582,2025-09-09 10:12:00,2025-09-09 10:12:59,2025-09-09 10:12:00
313.91,313.89,313.92,313.88,5231263.619999999,16665,2025-09-09 10:13:00,2025-09-09 10:13:59,2025-09-09 10:13:00
313.89,313.91,313.92,313.88,17209943.670000006,54825,2025-09-09 10:14:00,2025-09-09 10:14:59,2025-09-09 10:14:00
313.92,313.92,313.92,313.77,14775537.959999997,47080,2025-09-09 10:15:00,2025-09-09 10:15:59,2025-09-09 10:15:00
313.92,313.91,313.92,313.9,14128281.81,45007,2025-09-09 10:16:00,2025-09-09 10:16:59,2025-09-09 10:16:00
313.91,313.91,313.91,313.84,6177576.419999999,19681,2025-09-09 10:17:00,2025-09-09 10:17:59,2025-09-09 10:17:00
313.91,313.92,313.92,313.9,4153980.009999998,13233,2025-09-09 10:18:00,2025-09-09 10:18:59,2025-09-09 10:18:00
313.92,313.91,313.92,313.9,1035276.4400000001,3298,2025-09-09 10:19:00,2025-09-09 10:19:59,2025-09-09 10:19:00
313.91,313.85,313.91,313.84,6707477.679999951,21369,2025-09-09 10:20:00,2025-09-09 10:20:59,2025-09-09 10:20:00
313.84,313.79,313.85,313.77,10155671.629999995,32362,2025-09-09 10:21:00,2025-09-09 10:21:59,2025-09-09 10:21:00
313.79,313.82,313.82,313.77,2114650.0299999993,6739,2025-09-09 10:22:00,2025-09-09 10:22:59,2025-09-09 10:22:00
313.82,313.85,313.85,313.8,4958479.710000002,15799,2025-09-09 10:23:00,2025-09-09 10:23:59,2025-09-09 10:23:00
313.85,313.9,313.9,313.7,45319781.510000005,144432,2025-09-09 10:24:00,2025-09-09 10:24:59,2025-09-09 10:24:00
313.88,313.82,313.9,313.79,9674883.530000003,30827,2025-09-09 10:25:00,2025-09-09 10:25:59,2025-09-09 10:25:00
313.83,313.83,313.86,313.82,2402420.7000000007,7655,2025-09-09 10:26:00,2025-09-09 10:26:59,2025-09-09 10:26:00
313.83,313.85,313.85,313.82,3042353.3100000005,9694,2025-09-09 10:27:00,2025-09-09 10:27:59,2025-09-09 10:27:00
313.84,313.84,313.86,313.83,1946524.0700000008,6202,2025-09-09 10:28:00,2025-09-09 10:28:59,2025-09-09 10:28:00
313.84,313.84,313.86,313.82,4842045.830000001,15429,2025-09-09 10:29:00,2025-09-09 10:29:59,2025-09-09 10:29:00
313.84,313.9,313.9,313.82,13905474.11000001,44303,2025-09-09 10:30:00,2025-09-09 10:30:59,2025-09-09 10:30:00
313.9,313.88,313.91,313.86,8865675.700000001,28245,2025-09-09 10:31:00,2025-09-09 10:31:59,2025-09-09 10:31:00
313.88,313.91,313.92,313.88,4583043.779999999,14600,2025-09-09 10:32:00,2025-09-09 10:32:59,2025-09-09 10:32:00
313.91,313.9,313.92,313.9,3889438.460000001,12390,2025-09-09 10:33:00,2025-09-09 10:33:59,2025-09-09 10:33:00
313.9,313.89,314.0,313.82,85008880.95000005,270781,2025-09-09 10:34:00,2025-09-09 10:34:59,2025-09-09 10:34:00
313.89,313.86,313.89,313.84,2170359.2,6915,2025-09-09 10:35:00,2025-09-09 10:35:59,2025-09-09 10:35:00
313.86,313.83,313.86,313.83,2504237.7800000003,7979,2025-09-09 10:36:00,2025-09-09 10:36:59,2025-09-09 10:36:00
313.85,313.75,313.85,313.71,20975308.540000003,66850,2025-09-09 10:37:00,2025-09-09 10:37:59,2025-09-09 10:37:00
313.76,313.72,313.76,313.7,8765447.670000002,27940,2025-09-09 10:38:00,2025-09-09 10:38:59,2025-09-09 10:38:00
313.72,313.76,313.76,313.7,12704916.02,40498,2025-09-09 10:39:00,2025-09-09 10:39:59,2025-09-09 10:39:00
313.74,313.8,313.8,313.74,6848702.340000001,21826,2025-09-09 10:40:00,2025-09-09 10:40:59,2025-09-09 10:40:00
313.8,313.75,313.8,313.71,4433461.710000001,14129,2025-09-09 10:41:00,2025-09-09 10:41:59,2025-09-09 10:41:00
313.75,313.76,313.77,313.71,4984484.6099999985,15887,2025-09-09 10:42:00,2025-09-09 10:42:59,2025-09-09 10:42:00
313.75,313.8,313.8,313.74,5147477.6499999985,16405,2025-09-09 10:43:00,2025-09-09 10:43:59,2025-09-09 10:43:00
313.79,313.88,313.9,313.79,5758788.899999999,18348,2025-09-09 10:44:00,2025-09-09 10:44:59,2025-09-09 10:44:00
313.88,313.85,313.9,313.85,6054991.579999999,19291,2025-09-09 10:45:00,2025-09-09 10:45:59,2025-09-09 10:45:00
313.86,313.78,313.88,313.75,10821955.569999998,34485,2025-09-09 10:46:00,2025-09-09 10:46:59,2025-09-09 10:46:00
313.79,313.72,313.82,313.7,31032613.270000003,98915,2025-09-09 10:47:00,2025-09-09 10:47:59,2025-09-09 10:47:00
313.72,313.65,313.76,313.62,16884296.509999994,53825,2025-09-09 10:48:00,2025-09-09 10:48:59,2025-09-09 10:48:00
313.66,313.65,313.7,313.64,12777180.38,40735,2025-09-09 10:49:00,2025-09-09 10:49:59,2025-09-09 10:49:00
313.67,313.66,313.69,313.61,7935331.930000001,25300,2025-09-09 10:50:00,2025-09-09 10:50:59,2025-09-09 10:50:00
313.67,313.69,313.69,313.62,2599202.31,8287,2025-09-09 10:51:00,2025-09-09 10:51:59,2025-09-09 10:51:00
313.69,313.68,313.69,313.64,7645584.999999998,24376,2025-09-09 10:52:00,2025-09-09 10:52:59,2025-09-09 10:52:00
313.68,313.65,313.68,313.63,3208759.6300000013,10230,2025-09-09 10:53:00,2025-09-09 10:53:59,2025-09-09 10:53:00
313.65,313.62,313.65,313.62,5825757.2,18575,2025-09-09 10:54:00,2025-09-09 10:54:59,2025-09-09 10:54:00
313.62,313.74,313.81,313.61,11060137.930000003,35257,2025-09-09 10:55:00,2025-09-09 10:55:59,2025-09-09 10:55:00
313.73,313.71,313.75,313.7,4751423.259999999,15146,2025-09-09 10:56:00,2025-09-09 10:56:59,2025-09-09 10:56:00
313.7,313.72,313.73,313.7,9386125.940000005,29920,2025-09-09 10:57:00,2025-09-09 10:57:59,2025-09-09 10:57:00
313.72,313.75,313.76,313.7,2040446.34,6504,2025-09-09 10:58:00,2025-09-09 10:58:59,2025-09-09 10:58:00
313.76,313.96,313.98,313.76,28897069.220000003,92055,2025-09-09 10:59:00,2025-09-09 10:59:59,2025-09-09 10:59:00
313.95,313.98,313.99,313.95,21904695.57999997,69763,2025-09-09 11:00:00,2025-09-09 11:00:59,2025-09-09 11:00:00
313.98,313.98,313.99,313.98,16121958.480000012,51346,2025-09-09 11:01:00,2025-09-09 11:01:59,2025-09-09 11:01:00
313.98,313.96,313.98,313.95,5690178.17,18124,2025-09-09 11:02:00,2025-09-09 11:02:59,2025-09-09 11:02:00
313.96,313.98,314.0,313.95,32444525.370000005,103333,2025-09-09 11:03:00,2025-09-09 11:03:59,2025-09-09 11:03:00
313.98,313.97,314.0,313.97,28098718.049999997,89489,2025-09-09 11:04:00,2025-09-09 11:04:59,2025-09-09 11:04:00
313.98,313.98,313.98,313.97,924977.0999999995,2946,2025-09-09 11:05:00,2025-09-09 11:05:59,2025-09-09 11:05:00
313.97,313.82,313.98,313.81,7679187.939999998,24461,2025-09-09 11:06:00,2025-09-09 11:06:59,2025-09-09 11:06:00
313.81,313.9,313.9,313.8,2697261.849999999,8594,2025-09-09 11:07:00,2025-09-09 11:07:59,2025-09-09 11:07:00
313.89,313.83,313.92,313.72,11687126.290000001,37244,2025-09-09 11:08:00,2025-09-09 11:08:59,2025-09-09 11:08:00
313.83,313.76,313.89,313.72,20346711.25999999,64839,2025-09-09 11:09:00,2025-09-09 11:09:59,2025-09-09 11:09:00
313.76,313.75,313.8,313.71,27551920.349999987,87809,2025-09-09 11:10:00,2025-09-09 11:10:59,2025-09-09 11:10:00
313.75,313.76,313.8,313.7,19406333.160000008,61853,2025-09-09 11:11:00,2025-09-09 11:11:59,2025-09-09 11:11:00
313.76,313.79,313.8,313.74,1109801.2500000005,3537,2025-09-09 11:12:00,2025-09-09 11:12:59,2025-09-09 11:12:00
313.79,313.78,313.79,313.74,3130472.2999999993,9977,2025-09-09 11:13:00,2025-09-09 11:13:59,2025-09-09 11:13:00
313.78,313.78,313.79,313.75,3907775.7899999986,12454,2025-09-09 11:14:00,2025-09-09 11:14:59,2025-09-09 11:14:00
313.78,313.69,313.79,313.69,24049148.00999999,76658,2025-09-09 11:15:00,2025-09-09 11:15:59,2025-09-09 11:15:00
313.69,313.69,313.7,313.63,7836190.160000002,24982,2025-09-09 11:16:00,2025-09-09 11:16:59,2025-09-09 11:16:00
313.69,313.68,313.7,313.65,11002689.900000002,35077,2025-09-09 11:17:00,2025-09-09 11:17:59,2025-09-09 11:17:00
313.68,313.69,313.7,313.68,24272329.419999987,77375,2025-09-09 11:18:00,2025-09-09 11:18:59,2025-09-09 11:18:00
313.69,313.74,313.74,313.69,26219070.74999999,83580,2025-09-09 11:19:00,2025-09-09 11:19:59,2025-09-09 11:19:00
313.73,313.79,313.8,313.73,8618194.16,27465,2025-09-09 11:20:00,2025-09-09 11:20:59,2025-09-09 11:20:00
313.8,314.0,314.0,313.79,54821013.3,174628,2025-09-09 11:21:00,2025-09-09 11:21:59,2025-09-09 11:21:00
313.99,314.08,314.1,313.99,25659409.619999982,81713,2025-09-09 11:22:00,2025-09-09 11:22:59,2025-09-09 11:22:00
314.08,314.1,314.14,314.06,15918671.030000001,50680,2025-09-09 11:23:00,2025-09-09 11:23:59,2025-09-09 11:23:00
314.1,314.11,314.14,314.09,3028078.439999999,9640,2025-09-09 11:24:00,2025-09-09 11:24:59,2025-09-09 11:24:00
314.11,314.09,314.11,314.08,7351331.299999996,23405,2025-09-09 11:25:00,2025-09-09 11:25:59,2025-09-09 11:25:00
314.08,314.08,314.09,314.08,879115.1300000002,2799,2025-09-09 11:26:00,2025-09-09 11:26:59,2025-09-09 11:26:00
314.09,314.08,314.09,314.08,1800014.1399999992,5731,2025-09-09 11:27:00,2025-09-09 11:27:59,2025-09-09 11:27:00
314.09,314.07,314.09,314.06,6569546.8999999985,20917,2025-09-09 11:28:00,2025-09-09 11:28:59,2025-09-09 11:28:00
314.06,314.08,314.08,314.06,5051823.350000002,16085,2025-09-09 11:29:00,2025-09-09 11:29:59,2025-09-09 11:29:00
314.08,314.14,314.14,314.07,28654807.659999978,91231,2025-09-09 11:30:00,2025-09-09 11:30:59,2025-09-09 11:30:00
314.13,314.15,314.15,314.13,6995448.510000006,22268,2025-09-09 11:31:00,2025-09-09 11:31:59,2025-09-09 11:31:00
314.14,314.24,314.25,314.12,26393553.22999998,84004,2025-09-09 11:32:00,2025-09-09 11:32:59,2025-09-09 11:32:00
314.24,314.24,314.25,314.16,5453429.290000002,17356,2025-09-09 11:33:00,2025-09-09 11:33:59,2025-09-09 11:33:00
314.22,314.22,314.25,314.2,3233159.5200000005,10289,2025-09-09 11:34:00,2025-09-09 11:34:59,2025-09-09 11:34:00
314.22,314.19,314.23,314.17,1860440.89,5921,2025-09-09 11:35:00,2025-09-09 11:35:59,2025-09-09 11:35:00
314.19,314.18,314.23,314.13,2980976.12,9488,2025-09-09 11:36:00,2025-09-09 11:36:59,2025-09-09 11:36:00
314.18,314.18,314.21,314.13,2457048.5799999987,7821,2025-09-09 11:37:00,2025-09-09 11:37:59,2025-09-09 11:37:00
314.15,314.06,314.18,314.05,2030299.3500000006,6464,2025-09-09 11:38:00,2025-09-09 11:38:59,2025-09-09 11:38:00
314.06,314.01,314.07,313.99,3655872.380000001,11642,2025-09-09 11:39:00,2025-09-09 11:39:59,2025-09-09 11:39:00
314.01,314.03,314.05,314.0,3090596.659999999,9842,2025-09-09 11:40:00,2025-09-09 11:40:59,2025-09-09 11:40:00
314.02,313.99,314.02,313.98,3166823.8600000003,10086,2025-09-09 11:41:00,2025-09-09 11:41:59,2025-09-09 11:41:00
313.98,313.8,313.99,313.79,14159416.880000005,45104,2025-09-09 11:42:00,2025-09-09 11:42:59,2025-09-09 11:42:00
313.8,313.78,313.8,313.76,1671520.9900000007,5327,2025-09-09 11:43:00,2025-09-09 11:43:59,2025-09-09 11:43:00
313.78,313.73,313.79,313.71,1960321.4499999993,6248,2025-09-09 11:44:00,2025-09-09 11:44:59,2025-09-09 11:44:00
313.74,313.54,313.74,313.5,44300797.3,141282,2025-09-09 11:45:00,2025-09-09 11:45:59,2025-09-09 11:45:00
313.55,313.73,313.73,313.54,6994521.990000014,22305,2025-09-09 11:46:00,2025-09-09 11:46:59,2025-09-09 11:46:00
313.73,313.78,313.78,313.68,5673091.39,18082,2025-09-09 11:47:00,2025-09-09 11:47:59,2025-09-09 11:47:00
313.78,313.76,313.78,313.75,1023845.4500000005,3263,2025-09-09 11:48:00,2025-09-09 11:48:59,2025-09-09 11:48:00
313.76,313.75,313.76,313.73,5617741.370000006,17906,2025-09-09 11:49:00,2025-09-09 11:49:59,2025-09-09 11:49:00
313.76,313.73,313.76,313.72,735746.5899999999,2345,2025-09-09 11:50:00,2025-09-09 11:50:59,2025-09-09 11:50:00
313.72,313.75,313.77,313.7,1667590.05,5315,2025-09-09 11:51:00,2025-09-09 11:51:59,2025-09-09 11:51:00
313.75,313.7,313.75,313.7,790876.2900000002,2521,2025-09-09 11:52:00,2025-09-09 11:52:59,2025-09-09 11:52:00
313.73,313.74,313.75,313.71,1001438.66,3192,2025-09-09 11:53:00,2025-09-09 11:53:59,2025-09-09 11:53:00
313.72,313.7,313.75,313.69,5389132.68,17179,2025-09-09 11:54:00,2025-09-09 11:54:59,2025-09-09 11:54:00
313.7,313.62,313.7,313.61,3060680.54,9759,2025-09-09 11:55:00,2025-09-09 11:55:59,2025-09-09 11:55:00
313.63,313.65,313.69,313.6,4077815.82,13001,2025-09-09 11:56:00,2025-09-09 11:56:59,2025-09-09 11:56:00
313.65,313.57,313.66,313.57,1717318.2200000002,5476,2025-09-09 11:57:00,2025-09-09 11:57:59,2025-09-09 11:57:00
313.59,313.62,313.62,313.58,1249987.33,3986,2025-09-09 11:58:00,2025-09-09 11:58:59,2025-09-09 11:58:00
313.61,313.64,313.66,313.59,3378993.4799999995,10774,2025-09-09 11:59:00,2025-09-09 11:59:59,2025-09-09 11:59:00
313.65,313.64,313.69,313.58,9615560.929999994,30657,2025-09-09 12:00:00,2025-09-09 12:00:59,2025-09-09 12:00:00
313.64,313.69,313.69,313.63,3634555.0299999984,11588,2025-09-09 12:01:00,2025-09-09 12:01:59,2025-09-09 12:01:00
313.69,313.68,313.69,313.64,4285868.279999999,13663,2025-09-09 12:02:00,2025-09-09 12:02:59,2025-09-09 12:02:00
313.68,313.69,313.7,313.62,3578729.8999999994,11409,2025-09-09 12:03:00,2025-09-09 12:03:59,2025-09-09 12:03:00
313.7,313.65,313.7,313.62,3254355.1900000004,10375,2025-09-09 12:04:00,2025-09-09 12:04:59,2025-09-09 12:04:00
313.65,313.61,313.66,313.59,1667511.0100000005,5317,2025-09-09 12:05:00,2025-09-09 12:05:59,2025-09-09 12:05:00
313.62,313.64,313.64,313.6,1407587.4900000002,4488,2025-09-09 12:06:00,2025-09-09 12:06:59,2025-09-09 12:06:00
313.64,313.69,313.7,313.63,1709181.379999999,5449,2025-09-09 12:07:00,2025-09-09 12:07:59,2025-09-09 12:07:00
313.7,313.7,313.7,313.66,873591.9499999995,2785,2025-09-09 12:08:00,2025-09-09 12:08:59,2025-09-09 12:08:00
313.7,313.7,313.7,313.67,543626.8899999999,1733,2025-09-09 12:09:00,2025-09-09 12:09:59,2025-09-09 12:09:00
313.7,313.68,313.7,313.67,814931.1000000006,2598,2025-09-09 12:10:00,2025-09-09 12:10:59,2025-09-09 12:10:00
313.67,313.68,313.7,313.67,700750.4800000001,2234,2025-09-09 12:11:00,2025-09-09 12:11:59,2025-09-09 12:11:00
313.68,313.68,313.68,313.67,496228.4699999999,1582,2025-09-09 12:12:00,2025-09-09 12:12:59,2025-09-09 12:12:00
313.68,313.6,313.68,313.6,3683451.4400000013,11744,2025-09-09 12:13:00,2025-09-09 12:13:59,2025-09-09 12:13:00
313.61,313.6,313.61,313.53,5547000.870000001,17690,2025-09-09 12:14:00,2025-09-09 12:14:59,2025-09-09 12:14:00
313.6,313.51,313.6,313.5,14929746.969999988,47620,2025-09-09 12:15:00,2025-09-09 12:15:59,2025-09-09 12:15:00
313.5,313.51,313.51,313.5,5985031.179999995,19091,2025-09-09 12:16:00,2025-09-09 12:16:59,2025-09-09 12:16:00
313.5,313.41,313.51,313.4,9123342.450000001,29107,2025-09-09 12:17:00,2025-09-09 12:17:59,2025-09-09 12:17:00
313.4,313.33,313.4,313.25,10560345.129999999,33708,2025-09-09 12:18:00,2025-09-09 12:18:59,2025-09-09 12:18:00
313.32,313.42,313.5,313.28,25271385.97000001,80634,2025-09-09 12:19:00,2025-09-09 12:19:59,2025-09-09 12:19:00
313.42,313.35,313.44,313.32,2175187.5099999993,6941,2025-09-09 12:20:00,2025-09-09 12:20:59,2025-09-09 12:20:00
313.36,313.36,313.36,313.33,4415997.800000001,14093,2025-09-09 12:21:00,2025-09-09 12:21:59,2025-09-09 12:21:00
313.4,313.39,313.43,313.37,656251.6799999999,2094,2025-09-09 12:22:00,2025-09-09 12:22:59,2025-09-09 12:22:00
313.38,313.36,313.39,313.36,230327.08000000002,735,2025-09-09 12:23:00,2025-09-09 12:23:59,2025-09-09 12:23:00
313.36,313.4,313.44,313.36,3286124.9100000015,10485,2025-09-09 12:24:00,2025-09-09 12:24:59,2025-09-09 12:24:00
313.4,313.49,313.5,313.4,2850597.61,9094,2025-09-09 12:25:00,2025-09-09 12:25:59,2025-09-09 12:25:00
313.46,313.49,313.5,313.46,1595002.8199999996,5088,2025-09-09 12:26:00,2025-09-09 12:26:59,2025-09-09 12:26:00
313.48,313.48,313.49,313.47,846389.9799999996,2700,2025-09-09 12:27:00,2025-09-09 12:27:59,2025-09-09 12:27:00
313.48,313.47,313.48,313.43,2463591.3000000007,7859,2025-09-09 12:28:00,2025-09-09 12:28:59,2025-09-09 12:28:00
313.47,313.43,313.5,313.43,5238114.579999999,16711,2025-09-09 12:29:00,2025-09-09 12:29:59,2025-09-09 12:29:00
313.44,313.45,313.46,313.43,4366401.720000001,13930,2025-09-09 12:30:00,2025-09-09 12:30:59,2025-09-09 12:30:00
313.45,313.46,313.46,313.44,4392684.8999999985,14014,2025-09-09 12:31:00,2025-09-09 12:31:59,2025-09-09 12:31:00
313.45,313.45,313.47,313.42,5672859.970000001,18098,2025-09-09 12:32:00,2025-09-09 12:32:59,2025-09-09 12:32:00
313.45,313.44,313.46,313.41,5106654.899999998,16292,2025-09-09 12:33:00,2025-09-09 12:33:59,2025-09-09 12:33:00
313.44,313.46,313.46,313.4,8363782.100000006,26685,2025-09-09 12:34:00,2025-09-09 12:34:59,2025-09-09 12:34:00
313.46,313.38,313.46,313.38,413714.34000000014,1320,2025-09-09 12:35:00,2025-09-09 12:35:59,2025-09-09 12:35:00
313.38,313.33,313.41,313.33,4387898.340000002,14002,2025-09-09 12:36:00,2025-09-09 12:36:59,2025-09-09 12:36:00
313.34,313.29,313.39,313.29,4368199.470000002,13942,2025-09-09 12:37:00,2025-09-09 12:37:59,2025-09-09 12:37:00
313.29,313.1,313.29,313.0,43295783.42000001,138285,2025-09-09 12:38:00,2025-09-09 12:38:59,2025-09-09 12:38:00
313.1,313.12,313.15,313.0,57352076.27000001,183208,2025-09-09 12:39:00,2025-09-09 12:39:59,2025-09-09 12:39:00
313.11,313.16,313.17,313.0,44734334.95000002,142907,2025-09-09 12:40:00,2025-09-09 12:40:59,2025-09-09 12:40:00
313.17,313.26,313.26,313.16,5222294.4899999965,16674,2025-09-09 12:41:00,2025-09-09 12:41:59,2025-09-09 12:41:00
313.25,313.1,313.26,313.1,55609883.41000001,177600,2025-09-09 12:42:00,2025-09-09 12:42:59,2025-09-09 12:42:00
313.11,313.11,313.12,313.1,6076542.749999999,19407,2025-09-09 12:43:00,2025-09-09 12:43:59,2025-09-09 12:43:00
313.11,313.11,313.12,313.1,12266953.289999997,39178,2025-09-09 12:44:00,2025-09-09 12:44:59,2025-09-09 12:44:00
313.1,313.0,313.11,312.91,39700863.93000003,126850,2025-09-09 12:45:00,2025-09-09 12:45:59,2025-09-09 12:45:00
313.0,313.15,313.25,312.98,22834047.630000003,72932,2025-09-09 12:46:00,2025-09-09 12:46:59,2025-09-09 12:46:00
313.2,313.09,313.26,313.04,17533583.74999997,55987,2025-09-09 12:47:00,2025-09-09 12:47:59,2025-09-09 12:47:00
313.09,312.98,313.1,312.96,7584749.190000003,24233,2025-09-09 12:48:00,2025-09-09 12:48:59,2025-09-09 12:48:00
312.96,312.95,312.99,312.95,5994138.89,19153,2025-09-09 12:49:00,2025-09-09 12:49:59,2025-09-09 12:49:00
312.95,312.99,312.99,312.95,10778862.680000007,34440,2025-09-09 12:50:00,2025-09-09 12:50:59,2025-09-09 12:50:00
312.99,312.98,312.99,312.97,4181179.740000001,13359,2025-09-09 12:51:00,2025-09-09 12:51:59,2025-09-09 12:51:00
312.98,312.97,312.98,312.96,470703.8199999999,1504,2025-09-09 12:52:00,2025-09-09 12:52:59,2025-09-09 12:52:00
312.97,312.96,312.98,312.95,11521251.360000007,36813,2025-09-09 12:53:00,2025-09-09 12:53:59,2025-09-09 12:53:00
312.95,312.95,313.0,312.95,36370810.45000001,116212,2025-09-09 12:54:00,2025-09-09 12:54:59,2025-09-09 12:54:00
312.98,313.02,313.08,312.95,24164409.609999996,77202,2025-09-09 12:55:00,2025-09-09 12:55:59,2025-09-09 12:55:00
313.01,313.02,313.02,312.96,4180072.209999999,13355,2025-09-09 12:56:00,2025-09-09 12:56:59,2025-09-09 12:56:00
313.02,313.0,313.02,312.99,5019588.41,16037,2025-09-09 12:57:00,2025-09-09 12:57:59,2025-09-09 12:57:00
312.99,313.0,313.01,312.99,12548158.09,40090,2025-09-09 12:58:00,2025-09-09 12:58:59,2025-09-09 12:58:00
313.0,312.86,313.0,312.86,27333130.779999997,87343,2025-09-09 12:59:00,2025-09-09 12:59:59,2025-09-09 12:59:00
312.87,312.91,312.93,312.86,2346386.13,7499,2025-09-09 13:00:00,2025-09-09 13:00:59,2025-09-09 13:00:00
312.9,312.96,313.0,312.9,10447983.590000002,33387,2025-09-09 13:01:00,2025-09-09 13:01:59,2025-09-09 13:01:00
312.96,312.97,312.98,312.95,2055860.6800000002,6569,2025-09-09 13:02:00,2025-09-09 13:02:59,2025-09-09 13:02:00
312.97,312.93,312.97,312.92,451273.86999999994,1442,2025-09-09 13:03:00,2025-09-09 13:03:59,2025-09-09 13:03:00
312.93,312.91,312.93,312.9,2055537.5400000003,6569,2025-09-09 13:04:00,2025-09-09 13:04:59,2025-09-09 13:04:00
312.9,312.91,312.91,312.9,969697.0100000001,3099,2025-09-09 13:05:00,2025-09-09 13:05:59,2025-09-09 13:05:00
312.9,312.89,312.91,312.88,2909297.2399999984,9298,2025-09-09 13:06:00,2025-09-09 13:06:59,2025-09-09 13:06:00
312.89,312.87,312.89,312.86,2030253.140000001,6489,2025-09-09 13:07:00,2025-09-09 13:07:59,2025-09-09 13:07:00
312.87,312.87,312.87,312.86,1473926.740000001,4711,2025-09-09 13:08:00,2025-09-09 13:08:59,2025-09-09 13:08:00
312.87,312.86,312.87,312.86,6617796.480000001,21152,2025-09-09 13:09:00,2025-09-09 13:09:59,2025-09-09 13:09:00
312.86,312.86,312.89,312.85,2968824.789999998,9489,2025-09-09 13:10:00,2025-09-09 13:10:59,2025-09-09 13:10:00
312.85,312.82,312.85,312.82,4565477.190000002,14594,2025-09-09 13:11:00,2025-09-09 13:11:59,2025-09-09 13:11:00
312.83,312.82,312.83,312.81,4669418.619999998,14927,2025-09-09 13:12:00,2025-09-09 13:12:59,2025-09-09 13:12:00
312.82,312.72,312.82,312.72,23887798.310000006,76381,2025-09-09 13:13:00,2025-09-09 13:13:59,2025-09-09 13:13:00
312.73,312.64,312.8,312.52,24497915.470000014,78355,2025-09-09 13:14:00,2025-09-09 13:14:59,2025-09-09 13:14:00
312.66,312.56,312.67,312.53,14424870.500000007,46151,2025-09-09 13:15:00,2025-09-09 13:15:59,2025-09-09 13:15:00
312.57,312.53,312.57,312.44,33502373.38000001,107211,2025-09-09 13:16:00,2025-09-09 13:16:59,2025-09-09 13:16:00
312.52,312.62,312.62,312.51,7244190.249999998,23178,2025-09-09 13:17:00,2025-09-09 13:17:59,2025-09-09 13:17:00
312.62,312.7,312.7,312.61,6220531.359999999,19896,2025-09-09 13:18:00,2025-09-09 13:18:59,2025-09-09 13:18:00
312.69,312.69,312.69,312.68,1221031.1899999995,3905,2025-09-09 13:19:00,2025-09-09 13:19:59,2025-09-09 13:19:00
312.69,312.71,312.72,312.68,1580047.8600000003,5053,2025-09-09 13:20:00,2025-09-09 13:20:59,2025-09-09 13:20:00
312.71,312.71,312.73,312.71,3150355.1899999995,10074,2025-09-09 13:21:00,2025-09-09 13:21:59,2025-09-09 13:21:00
312.71,312.6,312.71,312.52,12631444.970000003,40403,2025-09-09 13:22:00,2025-09-09 13:22:59,2025-09-09 13:22:00
312.61,312.58,312.61,312.55,2429474.6700000004,7772,2025-09-09 13:23:00,2025-09-09 13:23:59,2025-09-09 13:23:00
312.58,312.45,312.58,312.45,7186482.76,22998,2025-09-09 13:24:00,2025-09-09 13:24:59,2025-09-09 13:24:00
312.46,312.44,312.46,312.44,15668341.120000003,50148,2025-09-09 13:25:00,2025-09-09 13:25:59,2025-09-09 13:25:00
312.44,312.42,312.45,312.4,9794015.23000001,31350,2025-09-09 13:26:00,2025-09-09 13:26:59,2025-09-09 13:26:00
312.42,312.43,312.43,312.42,1376862.860000001,4407,2025-09-09 13:27:00,2025-09-09 13:27:59,2025-09-09 13:27:00
312.42,312.3,312.43,312.3,12649935.280000005,40501,2025-09-09 13:28:00,2025-09-09 13:28:59,2025-09-09 13:28:00
312.31,312.25,312.31,312.25,7566154.519999991,24229,2025-09-09 13:29:00,2025-09-09 13:29:59,2025-09-09 13:29:00
312.25,312.1,312.26,312.1,32138802.869999994,102955,2025-09-09 13:30:00,2025-09-09 13:30:59,2025-09-09 13:30:00
312.1,312.12,312.12,312.06,13875302.840000005,44460,2025-09-09 13:31:00,2025-09-09 13:31:59,2025-09-09 13:31:00
312.12,312.05,312.2,312.0,42960586.199999996,137668,2025-09-09 13:32:00,2025-09-09 13:32:59,2025-09-09 13:32:00
312.05,312.09,312.1,312.04,1997801.2500000019,6402,2025-09-09 13:33:00,2025-09-09 13:33:59,2025-09-09 13:33:00
312.1,312.14,312.14,312.1,3962610.91,12696,2025-09-09 13:34:00,2025-09-09 13:34:59,2025-09-09 13:34:00
312.13,312.16,312.16,312.05,10360829.77,33197,2025-09-09 13:35:00,2025-09-09 13:35:59,2025-09-09 13:35:00
312.16,312.33,312.35,312.14,18024512.73999999,57732,2025-09-09 13:36:00,2025-09-09 13:36:59,2025-09-09 13:36:00
312.32,312.37,312.37,312.3,12558397.839999992,40208,2025-09-09 13:37:00,2025-09-09 13:37:59,2025-09-09 13:37:00
312.37,312.38,312.39,312.36,3595996.11,11512,2025-09-09 13:38:00,2025-09-09 13:38:59,2025-09-09 13:38:00
312.38,312.39,312.39,312.36,3500119.06,11205,2025-09-09 13:39:00,2025-09-09 13:39:59,2025-09-09 13:39:00
312.39,312.34,312.39,312.3,9855027.989999995,31553,2025-09-09 13:40:00,2025-09-09 13:40:59,2025-09-09 13:40:00
312.34,312.34,312.34,312.33,2719223.29,8706,2025-09-09 13:41:00,2025-09-09 13:41:59,2025-09-09 13:41:00
312.34,312.39,312.39,312.33,1086014.0799999996,3477,2025-09-09 13:42:00,2025-09-09 13:42:59,2025-09-09 13:42:00
312.39,312.39,312.39,312.38,721916.4200000006,2311,2025-09-09 13:43:00,2025-09-09 13:43:59,2025-09-09 13:43:00
312.38,312.32,312.39,312.3,6229850.939999997,19945,2025-09-09 13:44:00,2025-09-09 13:44:59,2025-09-09 13:44:00
312.32,312.33,312.34,312.3,2194284.8900000006,7026,2025-09-09 13:45:00,2025-09-09 13:45:59,2025-09-09 13:45:00
312.34,312.32,312.34,312.31,250488.37999999986,802,2025-09-09 13:46:00,2025-09-09 13:46:59,2025-09-09 13:46:00
312.32,312.34,312.34,312.3,5980432.15,19149,2025-09-09 13:47:00,2025-09-09 13:47:59,2025-09-09 13:47:00
312.34,312.31,312.34,312.31,1185229.37,3795,2025-09-09 13:48:00,2025-09-09 13:48:59,2025-09-09 13:48:00
312.3,312.3,312.31,312.3,13476070.18,43151,2025-09-09 13:49:00,2025-09-09 13:49:59,2025-09-09 13:49:00
312.31,312.18,312.31,312.16,16096369.579999989,51551,2025-09-09 13:50:00,2025-09-09 13:50:59,2025-09-09 13:50:00
312.18,312.24,312.26,312.17,4170358.409999998,13357,2025-09-09 13:51:00,2025-09-09 13:51:59,2025-09-09 13:51:00
312.24,312.22,312.25,312.22,342205.83999999997,1096,2025-09-09 13:52:00,2025-09-09 13:52:59,2025-09-09 13:52:00
312.2,312.16,312.2,312.15,471052.8599999999,1509,2025-09-09 13:53:00,2025-09-09 13:53:59,2025-09-09 13:53:00
312.15,312.04,312.16,312.02,9715839.85,31133,2025-09-09 13:54:00,2025-09-09 13:54:59,2025-09-09 13:54:00
312.04,312.17,312.19,312.03,3776631.4799999977,12101,2025-09-09 13:55:00,2025-09-09 13:55:59,2025-09-09 13:55:00
312.2,312.23,312.24,312.12,2783194.9900000007,8915,2025-09-09 13:56:00,2025-09-09 13:56:59,2025-09-09 13:56:00
312.24,312.23,312.24,312.23,281638.52999999997,902,2025-09-09 13:57:00,2025-09-09 13:57:59,2025-09-09 13:57:00
312.24,312.3,312.31,312.23,1881655.6,6026,2025-09-09 13:58:00,2025-09-09 13:58:59,2025-09-09 13:58:00
312.31,312.26,312.31,312.18,3585116.4699999997,11482,2025-09-09 13:59:00,2025-09-09 13:59:59,2025-09-09 13:59:00
312.26,312.17,312.26,312.17,6825210.079999999,21862,2025-09-09 14:00:00,2025-09-09 14:00:59,2025-09-09 14:00:00
312.16,312.19,312.2,312.14,1904849.5799999994,6102,2025-09-09 14:01:00,2025-09-09 14:01:59,2025-09-09 14:01:00
312.19,312.14,312.19,312.1,1124010.8200000003,3601,2025-09-09 14:02:00,2025-09-09 14:02:59,2025-09-09 14:02:00
312.11,312.14,312.14,312.11,105498.59999999996,338,2025-09-09 14:03:00,2025-09-09 14:03:59,2025-09-09 14:03:00
312.13,312.14,312.15,312.12,732906.2700000003,2348,2025-09-09 14:04:00,2025-09-09 14:04:59,2025-09-09 14:04:00
312.14,312.18,312.19,312.11,3288969.39,10537,2025-09-09 14:05:00,2025-09-09 14:05:59,2025-09-09 14:05:00
312.17,312.07,312.17,312.06,19216412.059999984,61570,2025-09-09 14:06:00,2025-09-09 14:06:59,2025-09-09 14:06:00
312.07,312.06,312.07,312.05,8247596.610000001,26430,2025-09-09 14:07:00,2025-09-09 14:07:59,2025-09-09 14:07:00
312.06,312.06,312.06,312.05,10229636.120000003,32782,2025-09-09 14:08:00,2025-09-09 14:08:59,2025-09-09 14:08:00
312.06,312.17,312.17,312.05,7503995.790000003,24044,2025-09-09 14:09:00,2025-09-09 14:09:59,2025-09-09 14:09:00
312.15,312.2,312.2,312.14,6108329.670000002,19566,2025-09-09 14:10:00,2025-09-09 14:10:59,2025-09-09 14:10:00
312.2,312.25,312.25,312.2,679715.5299999997,2177,2025-09-09 14:11:00,2025-09-09 14:11:59,2025-09-09 14:11:00
312.25,312.34,312.34,312.24,3238310.7500000005,10369,2025-09-09 14:12:00,2025-09-09 14:12:59,2025-09-09 14:12:00
312.32,312.56,312.6,312.32,22819598.570000023,73027,2025-09-09 14:13:00,2025-09-09 14:13:59,2025-09-09 14:13:00
312.56,312.59,312.59,312.55,8788556.610000003,28117,2025-09-09 14:14:00,2025-09-09 14:14:59,2025-09-09 14:14:00
312.59,312.58,312.59,312.56,252556.72000000003,808,2025-09-09 14:15:00,2025-09-09 14:15:59,2025-09-09 14:15:00
312.57,312.57,312.57,312.55,2669881.51,8542,2025-09-09 14:16:00,2025-09-09 14:16:59,2025-09-09 14:16:00
312.57,312.49,312.57,312.46,8383738.030000002,26828,2025-09-09 14:17:00,2025-09-09 14:17:59,2025-09-09 14:17:00
312.48,312.49,312.49,312.46,1366450.0099999998,4373,2025-09-09 14:18:00,2025-09-09 14:18:59,2025-09-09 14:18:00
312.5,312.5,312.5,312.49,1813416.3199999998,5803,2025-09-09 14:19:00,2025-09-09 14:19:59,2025-09-09 14:19:00
312.5,312.67,312.7,312.49,14854224.97,47514,2025-09-09 14:20:00,2025-09-09 14:20:59,2025-09-09 14:20:00
312.67,312.64,312.67,312.64,4001296.6799999983,12798,2025-09-09 14:21:00,2025-09-09 14:21:59,2025-09-09 14:21:00
312.65,312.64,312.65,312.64,1130851.6399999997,3617,2025-09-09 14:22:00,2025-09-09 14:22:59,2025-09-09 14:22:00
312.65,312.65,312.65,312.64,538993.8800000002,1724,2025-09-09 14:23:00,2025-09-09 14:23:59,2025-09-09 14:23:00
312.65,312.61,312.65,312.6,2688247.5100000002,8599,2025-09-09 14:24:00,2025-09-09 14:24:59,2025-09-09 14:24:00
312.6,312.57,312.61,312.54,1542905.0100000005,4936,2025-09-09 14:25:00,2025-09-09 14:25:59,2025-09-09 14:25:00
312.56,312.55,312.59,312.53,3138110.3999999957,10040,2025-09-09 14:26:00,2025-09-09 14:26:59,2025-09-09 14:26:00
312.55,312.61,312.61,312.55,657677.9699999999,2104,2025-09-09 14:27:00,2025-09-09 14:27:59,2025-09-09 14:27:00
312.61,312.52,312.61,312.49,6520749.920000002,20863,2025-09-09 14:28:00,2025-09-09 14:28:59,2025-09-09 14:28:00
312.51,312.59,312.59,312.51,2544157.6399999997,8140,2025-09-09 14:29:00,2025-09-09 14:29:59,2025-09-09 14:29:00
312.59,312.54,312.59,312.51,1795474.3700000006,5744,2025-09-09 14:30:00,2025-09-09 14:30:59,2025-09-09 14:30:00
312.54,312.57,312.58,312.49,678514.9999999998,2171,2025-09-09 14:31:00,2025-09-09 14:31:59,2025-09-09 14:31:00
312.57,312.56,312.57,312.55,141901.07999999993,454,2025-09-09 14:32:00,2025-09-09 14:32:59,2025-09-09 14:32:00
312.56,312.56,312.56,312.55,739185.7800000005,2365,2025-09-09 14:33:00,2025-09-09 14:33:59,2025-09-09 14:33:00
312.56,312.55,312.56,312.55,1779394.810000001,5693,2025-09-09 14:34:00,2025-09-09 14:34:59,2025-09-09 14:34:00
312.56,312.58,312.58,312.55,2822480.2000000007,9030,2025-09-09 14:35:00,2025-09-09 14:35:59,2025-09-09 14:35:00
312.58,312.63,312.64,312.56,7300223.119999999,23353,2025-09-09 14:36:00,2025-09-09 14:36:59,2025-09-09 14:36:00
312.64,312.7,312.7,312.63,3054278.2199999997,9769,2025-09-09 14:37:00,2025-09-09 14:37:59,2025-09-09 14:37:00
312.7,312.76,312.76,312.69,6092278.1,19481,2025-09-09 14:38:00,2025-09-09 14:38:59,2025-09-09 14:38:00
312.76,312.8,312.83,312.74,7285252.079999996,23291,2025-09-09 14:39:00,2025-09-09 14:39:59,2025-09-09 14:39:00
312.83,312.86,312.87,312.81,9348768.780000001,29883,2025-09-09 14:40:00,2025-09-09 14:40:59,2025-09-09 14:40:00
312.86,312.74,312.86,312.69,5612858.150000003,17945,2025-09-09 14:41:00,2025-09-09 14:41:59,2025-09-09 14:41:00
312.72,312.71,312.75,312.66,912153.3799999999,2917,2025-09-09 14:42:00,2025-09-09 14:42:59,2025-09-09 14:42:00
312.69,312.68,312.69,312.64,1171559.0499999996,3747,2025-09-09 14:43:00,2025-09-09 14:43:59,2025-09-09 14:43:00
312.69,312.68,312.69,312.68,334257.7200000001,1069,2025-09-09 14:44:00,2025-09-09 14:44:59,2025-09-09 14:44:00
312.69,312.64,312.69,312.63,2925750.5400000005,9357,2025-09-09 14:45:00,2025-09-09 14:45:59,2025-09-09 14:45:00
312.63,312.63,312.64,312.63,1390919.4599999995,4449,2025-09-09 14:46:00,2025-09-09 14:46:59,2025-09-09 14:46:00
312.63,312.64,312.65,312.63,2697121.8900000006,8627,2025-09-09 14:47:00,2025-09-09 14:47:59,2025-09-09 14:47:00
312.64,312.66,312.67,312.63,2112362.2299999995,6756,2025-09-09 14:48:00,2025-09-09 14:48:59,2025-09-09 14:48:00
312.67,312.66,312.67,312.66,1611470.38,5154,2025-09-09 14:49:00,2025-09-09 14:49:59,2025-09-09 14:49:00
312.67,312.67,312.67,312.66,427727.92000000004,1368,2025-09-09 14:50:00,2025-09-09 14:50:59,2025-09-09 14:50:00
312.67,312.66,312.67,312.66,256697.46000000014,821,2025-09-09 14:51:00,2025-09-09 14:51:59,2025-09-09 14:51:00
312.67,312.67,312.67,312.66,918911.6400000002,2939,2025-09-09 14:52:00,2025-09-09 14:52:59,2025-09-09 14:52:00
312.67,312.66,312.67,312.66,904849.1300000001,2894,2025-09-09 14:53:00,2025-09-09 14:53:59,2025-09-09 14:53:00
312.67,312.66,312.67,312.66,1925679.5799999996,6159,2025-09-09 14:54:00,2025-09-09 14:54:59,2025-09-09 14:54:00
312.67,312.56,312.67,312.56,6213595.159999997,19874,2025-09-09 14:55:00,2025-09-09 14:55:59,2025-09-09 14:55:00
312.57,312.56,312.57,312.55,1751269.2100000007,5603,2025-09-09 14:56:00,2025-09-09 14:56:59,2025-09-09 14:56:00
312.56,312.45,312.56,312.45,2511633.2000000007,8037,2025-09-09 14:57:00,2025-09-09 14:57:59,2025-09-09 14:57:00
312.45,312.4,312.45,312.35,6879620.8,22022,2025-09-09 14:58:00,2025-09-09 14:58:59,2025-09-09 14:58:00
312.4,312.36,312.4,312.35,3130552.9,10022,2025-09-09 14:59:00,2025-09-09 14:59:59,2025-09-09 14:59:00
312.35,312.38,312.38,312.35,1488352.3800000006,4765,2025-09-09 15:00:00,2025-09-09 15:00:59,2025-09-09 15:00:00
312.38,312.4,312.4,312.37,18226892.37,58345,2025-09-09 15:01:00,2025-09-09 15:01:59,2025-09-09 15:01:00
312.4,312.4,312.4,312.39,1219605.29,3904,2025-09-09 15:02:00,2025-09-09 15:02:59,2025-09-09 15:02:00
312.4,312.4,312.4,312.39,2461363.999999999,7879,2025-09-09 15:03:00,2025-09-09 15:03:59,2025-09-09 15:03:00
312.4,312.4,312.4,312.39,583249.5,1867,2025-09-09 15:04:00,2025-09-09 15:04:59,2025-09-09 15:04:00
312.39,312.35,312.4,312.24,21868689.199999996,70013,2025-09-09 15:05:00,2025-09-09 15:05:59,2025-09-09 15:05:00
312.35,312.35,312.35,312.33,2586809.760000001,8282,2025-09-09 15:06:00,2025-09-09 15:06:59,2025-09-09 15:06:00
312.34,312.36,312.36,312.34,942987.4699999997,3019,2025-09-09 15:07:00,2025-09-09 15:07:59,2025-09-09 15:07:00
312.36,312.3,312.36,312.22,22848384.319999997,73164,2025-09-09 15:08:00,2025-09-09 15:08:59,2025-09-09 15:08:00
312.3,312.3,312.3,312.29,920330.7000000004,2947,2025-09-09 15:09:00,2025-09-09 15:09:59,2025-09-09 15:09:00
312.3,312.3,312.3,312.28,3453091.2199999997,11057,2025-09-09 15:10:00,2025-09-09 15:10:59,2025-09-09 15:10:00
312.3,312.3,312.3,312.29,2765408.319999999,8855,2025-09-09 15:11:00,2025-09-09 15:11:59,2025-09-09 15:11:00
312.3,312.28,312.3,312.28,4451420.010000002,14254,2025-09-09 15:12:00,2025-09-09 15:12:59,2025-09-09 15:12:00
312.29,312.29,312.29,312.28,973074.5800000002,3116,2025-09-09 15:13:00,2025-09-09 15:13:59,2025-09-09 15:13:00
312.29,312.29,312.29,312.28,748557.9800000002,2397,2025-09-09 15:14:00,2025-09-09 15:14:59,2025-09-09 15:14:00
312.28,312.3,312.3,312.28,7891894.460000003,25271,2025-09-09 15:15:00,2025-09-09 15:15:59,2025-09-09 15:15:00
312.29,312.28,312.29,312.27,2805499.959999999,8984,2025-09-09 15:16:00,2025-09-09 15:16:59,2025-09-09 15:16:00
312.27,311.84,312.28,311.84,78231188.53999993,250767,2025-09-09 15:17:00,2025-09-09 15:17:59,2025-09-09 15:17:00
311.84,312.0,312.0,311.82,8958571.130000006,28726,2025-09-09 15:18:00,2025-09-09 15:18:59,2025-09-09 15:18:00
